<?xml version = '1.0' encoding = 'UTF-8'?>
<InheritanceRelation class="oracle.dbtools.crest.model.design.logical.InheritanceRelation" name="Hierarchy_4" directorySegmentName="seg_0" id="28F1EA5E-71D3-FFC9-879F-E362AA391D71">
<createdBy>franciscagoeppinger</createdBy>
<createdTime>2025-08-30 11:48:22 UTC</createdTime>
<ownerDesignName>SUMATIVA1</ownerDesignName>
<engineerTo>
<item key="39ED7966-FC7A-3013-FE28-2575E1D628BA" value="true"/>
</engineerTo>
<identifying>false</identifying>
<nameOnSource>Super Type</nameOnSource>
<nameOnTarget>Sub Type</nameOnTarget>
<optionalSource>true</optionalSource>
<optionalTarget>true</optionalTarget>
<sourceEntity>3A414256-7C38-1199-512F-3BD883C54907</sourceEntity>
<targetEntity>1EB83845-8F1E-0444-58DB-5454668574B8</targetEntity>
<transferable>true</transferable>
<deleteRule>NO ACTION</deleteRule>
</InheritanceRelation>