<?xml version = '1.0' encoding = 'UTF-8'?>
<InheritanceRelation class="oracle.dbtools.crest.model.design.logical.InheritanceRelation" name="Hierarchy_5" directorySegmentName="seg_0" id="6F66DF0D-7578-B936-43CC-40FF24168700">
<createdBy>franciscagoeppinger</createdBy>
<createdTime>2025-08-30 12:05:09 UTC</createdTime>
<ownerDesignName>SUMATIVA1</ownerDesignName>
<engineerTo>
<item key="39ED7966-FC7A-3013-FE28-2575E1D628BA" value="true"/>
</engineerTo>
<identifying>false</identifying>
<nameOnSource>Super Type</nameOnSource>
<nameOnTarget>Sub Type</nameOnTarget>
<optionalSource>true</optionalSource>
<optionalTarget>true</optionalTarget>
<sourceEntity>EAAD3DEC-0E52-6A80-669E-4A52EB772ADD</sourceEntity>
<targetEntity>3F65FD71-9CD0-30A0-8C18-AC00B7F0E8DC</targetEntity>
<transferable>true</transferable>
<deleteRule>NO ACTION</deleteRule>
</InheritanceRelation>