<?xml version = '1.0' encoding = 'UTF-8'?>
<InheritanceRelation class="oracle.dbtools.crest.model.design.logical.InheritanceRelation" name="Hierarchy_6" directorySegmentName="seg_0" id="C3E24AC1-A0F6-3437-9C43-4B8CDDEBEAF0">
<createdBy>franciscagoeppinger</createdBy>
<createdTime>2025-08-30 12:06:04 UTC</createdTime>
<ownerDesignName>SUMATIVA1</ownerDesignName>
<engineerTo>
<item key="39ED7966-FC7A-3013-FE28-2575E1D628BA" value="true"/>
</engineerTo>
<identifying>false</identifying>
<nameOnSource>Super Type</nameOnSource>
<nameOnTarget>Sub Type</nameOnTarget>
<optionalSource>true</optionalSource>
<optionalTarget>true</optionalTarget>
<sourceEntity>EAAD3DEC-0E52-6A80-669E-4A52EB772ADD</sourceEntity>
<targetEntity>5EB8CA37-1759-B472-CB11-8CC30E879EF9</targetEntity>
<transferable>true</transferable>
<deleteRule>NO ACTION</deleteRule>
</InheritanceRelation>