<?xml version = '1.0' encoding = 'UTF-8'?>
<InheritanceRelation class="oracle.dbtools.crest.model.design.logical.InheritanceRelation" name="Hierarchy_1" directorySegmentName="seg_0" id="EF1FD169-6287-7F7F-40D4-FC1B8464B00A">
<createdBy>franciscagoeppinger</createdBy>
<createdTime>2025-08-30 11:30:55 UTC</createdTime>
<ownerDesignName>SUMATIVA1</ownerDesignName>
<engineerTo>
<item key="39ED7966-FC7A-3013-FE28-2575E1D628BA" value="true"/>
</engineerTo>
<identifying>false</identifying>
<nameOnSource>Super Type</nameOnSource>
<nameOnTarget>Sub Type</nameOnTarget>
<optionalSource>true</optionalSource>
<optionalTarget>true</optionalTarget>
<sourceEntity>3F65FD71-9CD0-30A0-8C18-AC00B7F0E8DC</sourceEntity>
<targetEntity>E7A20422-F364-F6AB-F2C1-C4E68042BA35</targetEntity>
<transferable>true</transferable>
<deleteRule>NO ACTION</deleteRule>
</InheritanceRelation>