<?xml version = '1.0' encoding = 'UTF-8'?>
<Table class="oracle.dbtools.crest.model.design.relational.Table" directorySegmentName="seg_0" id="2D736797-8C78-0C17-140D-CDDD833B9DD9" name="Apoderado">
<createdBy>franciscagoeppinger</createdBy>
<createdTime>2025-08-30 15:34:55 UTC</createdTime>
<generatorID>1504B7AC-C6A8-D057-5873-F3D3719976B4</generatorID>
<ownerDesignName>SUMATIVA1</ownerDesignName>
<allowColumnReorder>false</allowColumnReorder>
<existDependencyGenerateInDDl>true</existDependencyGenerateInDDl>
<parsed>true</parsed>
<columns itemClass="oracle.dbtools.crest.model.design.relational.Column">
<Column name="ID_Persona" id="9D5C8F33-3077-6C80-3192-F1E241AAA1B1">
<createdBy>franciscagoeppinger</createdBy>
<createdTime>2025-08-30 15:34:55 UTC</createdTime>
<generatorID>04A7AF31-8104-7589-0AC3-329D3562F798</generatorID>
<ownerDesignName>SUMATIVA1</ownerDesignName>
<useDomainConstraints>false</useDomainConstraints>
<use>1</use>
<logicalDatatype>LOGDT024</logicalDatatype>
<dataTypeSize>10</dataTypeSize>
<ownDataTypeParameters>,,</ownDataTypeParameters>
<autoIncrementCycle>false</autoIncrementCycle>
<associations>
<colAssociation fkAssociation="A0A28082-4180-F5F8-B027-32DAD8CE286D" referredColumn="9D1D850A-A35E-BD90-797C-5677F5AC3B31"/>
</associations>
</Column>
<Column name="Contacto" id="4F3CFB90-387F-113C-1A6F-74AADD1E683D">
<createdBy>franciscagoeppinger</createdBy>
<createdTime>2025-08-30 15:34:55 UTC</createdTime>
<generatorID>A57DA430-B10D-79B8-DA1A-3C448E388C08</generatorID>
<ownerDesignName>SUMATIVA1</ownerDesignName>
<useDomainConstraints>false</useDomainConstraints>
<use>1</use>
<logicalDatatype>LOGDT024</logicalDatatype>
<dataTypeSize>12</dataTypeSize>
<ownDataTypeParameters>12,,</ownDataTypeParameters>
<autoIncrementCycle>false</autoIncrementCycle>
</Column>
</columns>
<indexes itemClass="oracle.dbtools.crest.model.design.relational.Index">
<ind_PK_UK id="A2B50D59-6903-6253-AE9E-2A14F6EE93A2" name="Apoderado_PK">
<createdBy>franciscagoeppinger</createdBy>
<createdTime>2025-08-30 15:34:55 UTC</createdTime>
<generatorID>F05812DC-8FA6-0510-5C33-FA0B1AF18B0D</generatorID>
<ownerDesignName>SUMATIVA1</ownerDesignName>
<pk>true</pk>
<indexState>Primary Constraint</indexState>
<isSurrogateKey>false</isSurrogateKey>
<indexColumnUsage>
<colUsage columnID="9D5C8F33-3077-6C80-3192-F1E241AAA1B1"/>
</indexColumnUsage>
</ind_PK_UK>
<ind_PK_UK id="F9E7E363-161E-2DA3-D619-4AC9F5B8B182" name="Apoderado_Persona_FK">
<createdBy>franciscagoeppinger</createdBy>
<createdTime>2025-08-30 15:34:55 UTC</createdTime>
<generatorID>57346FAD-488A-995E-5206-2EE8ABFDC30E</generatorID>
<ownerDesignName>SUMATIVA1</ownerDesignName>
<indexState>Foreign Key</indexState>
<isSurrogateKey>false</isSurrogateKey>
<indexColumnUsage>
<colUsage columnID="9D5C8F33-3077-6C80-3192-F1E241AAA1B1"/>
</indexColumnUsage>
</ind_PK_UK>
</indexes>
</Table>