<?xml version = '1.0' encoding = 'UTF-8'?>
<Table class="oracle.dbtools.crest.model.design.relational.Table" directorySegmentName="seg_0" id="3C1AF2B2-B8CF-7C18-69EE-7C7A0C5CE6C2" name="Habitacion">
<createdBy>franciscagoeppinger</createdBy>
<createdTime>2025-08-30 15:34:55 UTC</createdTime>
<generatorID>1EB83845-8F1E-0444-58DB-5454668574B8</generatorID>
<ownerDesignName>SUMATIVA1</ownerDesignName>
<allowColumnReorder>false</allowColumnReorder>
<existDependencyGenerateInDDl>true</existDependencyGenerateInDDl>
<parsed>true</parsed>
<columns itemClass="oracle.dbtools.crest.model.design.relational.Column">
<Column name="ID" id="A80FBEE4-9FF9-FC6C-7079-9D4E8DE8523D">
<createdBy>franciscagoeppinger</createdBy>
<createdTime>2025-08-30 15:34:55 UTC</createdTime>
<generatorID>82648620-C80F-51D2-A760-B39C840FABE6</generatorID>
<ownerDesignName>SUMATIVA1</ownerDesignName>
<useDomainConstraints>false</useDomainConstraints>
<use>1</use>
<logicalDatatype>LOGDT024</logicalDatatype>
<dataTypeSize>99</dataTypeSize>
<ownDataTypeParameters>,,</ownDataTypeParameters>
<autoIncrementCycle>false</autoIncrementCycle>
<associations>
<colAssociation fkAssociation="0ECD02FC-F703-8D77-A728-765114893810" referredColumn="9704EEF4-347D-F03A-41D7-C100A09EAF72"/>
</associations>
</Column>
<Column name="IDHab" id="A257245E-F88C-D9DF-8660-046FD3673DE4">
<createdBy>franciscagoeppinger</createdBy>
<createdTime>2025-08-30 15:34:55 UTC</createdTime>
<generatorID>83DE3DB7-FCFF-F16C-4F0C-0700D4EF61E5</generatorID>
<ownerDesignName>SUMATIVA1</ownerDesignName>
<useDomainConstraints>false</useDomainConstraints>
<use>1</use>
<logicalDatatype>LOGDT024</logicalDatatype>
<dataTypeSize>20</dataTypeSize>
<ownDataTypeParameters>20,,</ownDataTypeParameters>
<autoIncrementCycle>false</autoIncrementCycle>
</Column>
<Column name="Numero" id="FA650E27-80C9-533B-59F6-C286A5ABD00B">
<createdBy>franciscagoeppinger</createdBy>
<createdTime>2025-08-30 15:34:55 UTC</createdTime>
<generatorID>FE0C0C5C-C855-4849-E3C6-A1ED2BABB6D5</generatorID>
<ownerDesignName>SUMATIVA1</ownerDesignName>
<useDomainConstraints>false</useDomainConstraints>
<use>1</use>
<logicalDatatype>LOGDT024</logicalDatatype>
<dataTypeSize>10</dataTypeSize>
<ownDataTypeParameters>10,,</ownDataTypeParameters>
<autoIncrementCycle>false</autoIncrementCycle>
</Column>
<Column name="Tipo" id="CFE7732F-E9FC-72AB-EECE-A263BE3827DF">
<createdBy>franciscagoeppinger</createdBy>
<createdTime>2025-08-30 15:34:55 UTC</createdTime>
<generatorID>A0FF8ECD-60A9-0D04-F647-27D0A26B160C</generatorID>
<ownerDesignName>SUMATIVA1</ownerDesignName>
<useDomainConstraints>false</useDomainConstraints>
<use>1</use>
<logicalDatatype>LOGDT024</logicalDatatype>
<dataTypeSize>20</dataTypeSize>
<ownDataTypeParameters>20,,</ownDataTypeParameters>
<autoIncrementCycle>false</autoIncrementCycle>
</Column>
</columns>
<indexes itemClass="oracle.dbtools.crest.model.design.relational.Index">
<ind_PK_UK id="7DE2806C-62E6-A3F3-A47E-7C239B20D3AC" name="Habitacion_PK">
<createdBy>franciscagoeppinger</createdBy>
<createdTime>2025-08-30 15:34:55 UTC</createdTime>
<generatorID>89BA0152-5959-BD0F-D74D-933BE3C48C64</generatorID>
<ownerDesignName>SUMATIVA1</ownerDesignName>
<pk>true</pk>
<indexState>Primary Constraint</indexState>
<isSurrogateKey>false</isSurrogateKey>
<indexColumnUsage>
<colUsage columnID="A80FBEE4-9FF9-FC6C-7079-9D4E8DE8523D"/>
</indexColumnUsage>
</ind_PK_UK>
<ind_PK_UK id="37024D64-A8D9-2B83-E9C7-D80830F4F288" name="Habitacion_PKv1">
<createdBy>franciscagoeppinger</createdBy>
<createdTime>2025-08-30 15:34:55 UTC</createdTime>
<generatorID>0E48914D-34DE-B9A6-5D7E-20355492D2B1</generatorID>
<ownerDesignName>SUMATIVA1</ownerDesignName>
<indexState>Unique Constraint</indexState>
<isSurrogateKey>false</isSurrogateKey>
<indexColumnUsage>
<colUsage columnID="A257245E-F88C-D9DF-8660-046FD3673DE4"/>
</indexColumnUsage>
</ind_PK_UK>
<ind_PK_UK id="35F0BA0C-F006-7475-09A7-2C0071EFCFA0" name="Habitacion_Residencia_FK">
<createdBy>franciscagoeppinger</createdBy>
<createdTime>2025-08-30 15:34:55 UTC</createdTime>
<generatorID>28F1EA5E-71D3-FFC9-879F-E362AA391D71</generatorID>
<ownerDesignName>SUMATIVA1</ownerDesignName>
<indexState>Foreign Key</indexState>
<isSurrogateKey>false</isSurrogateKey>
<indexColumnUsage>
<colUsage columnID="A80FBEE4-9FF9-FC6C-7079-9D4E8DE8523D"/>
</indexColumnUsage>
</ind_PK_UK>
<ind_PK_UK id="DF1EE447-2456-E473-E7FB-5E3FBB5CFB23" name="Habitacion_Residente_FK">
<createdBy>franciscagoeppinger</createdBy>
<createdTime>2025-08-30 15:34:55 UTC</createdTime>
<generatorID>1DF95CA9-F4D2-E3C4-5540-0394E1CF7012</generatorID>
<ownerDesignName>SUMATIVA1</ownerDesignName>
<indexState>Foreign Key</indexState>
<isSurrogateKey>false</isSurrogateKey>
</ind_PK_UK>
</indexes>
</Table>