<?xml version = '1.0' encoding = 'UTF-8'?>
<Table class="oracle.dbtools.crest.model.design.relational.Table" directorySegmentName="seg_0" id="A508243E-93E4-450F-4A99-0222EC6D5B33" name="Temporal">
<createdBy>franciscagoeppinger</createdBy>
<createdTime>2025-08-30 15:34:55 UTC</createdTime>
<generatorID>CBE23217-C0D5-53A3-BCDA-2FE05FFF51D3</generatorID>
<ownerDesignName>SUMATIVA1</ownerDesignName>
<allowColumnReorder>false</allowColumnReorder>
<existDependencyGenerateInDDl>true</existDependencyGenerateInDDl>
<parsed>true</parsed>
<columns itemClass="oracle.dbtools.crest.model.design.relational.Column">
<Column name="ID_Persona" id="0577FE6C-6074-5205-B477-CB695B7B0846">
<createdBy>franciscagoeppinger</createdBy>
<createdTime>2025-08-30 15:34:55 UTC</createdTime>
<generatorID>04A7AF31-8104-7589-0AC3-329D3562F798</generatorID>
<ownerDesignName>SUMATIVA1</ownerDesignName>
<useDomainConstraints>false</useDomainConstraints>
<use>1</use>
<logicalDatatype>LOGDT024</logicalDatatype>
<dataTypeSize>10</dataTypeSize>
<ownDataTypeParameters>,,</ownDataTypeParameters>
<autoIncrementCycle>false</autoIncrementCycle>
<associations>
<colAssociation fkAssociation="3F73D019-85F2-9870-1159-CC78DA533DB2" referredColumn="A5B589C2-92BE-D4F4-77A6-A316362275BF"/>
</associations>
</Column>
<Column name="DiasEstadia" id="C6D47196-2408-A8FD-62EE-DA50C2D49F78">
<createdBy>franciscagoeppinger</createdBy>
<createdTime>2025-08-30 15:34:55 UTC</createdTime>
<generatorID>E18988D5-9B2E-623B-08CF-823FE7A511D0</generatorID>
<ownerDesignName>SUMATIVA1</ownerDesignName>
<useDomainConstraints>false</useDomainConstraints>
<use>1</use>
<logicalDatatype>LOGDT019</logicalDatatype>
<dataTypePrecision>3</dataTypePrecision>
<ownDataTypeParameters>,3,</ownDataTypeParameters>
<autoIncrementCycle>false</autoIncrementCycle>
</Column>
</columns>
<indexes itemClass="oracle.dbtools.crest.model.design.relational.Index">
<ind_PK_UK id="7586B2B0-F0E2-526F-2F46-8D7398992CB6" name="Temporal_PK">
<createdBy>franciscagoeppinger</createdBy>
<createdTime>2025-08-30 15:34:55 UTC</createdTime>
<generatorID>F05812DC-8FA6-0510-5C33-FA0B1AF18B0D</generatorID>
<ownerDesignName>SUMATIVA1</ownerDesignName>
<pk>true</pk>
<indexState>Primary Constraint</indexState>
<isSurrogateKey>false</isSurrogateKey>
<indexColumnUsage>
<colUsage columnID="0577FE6C-6074-5205-B477-CB695B7B0846"/>
</indexColumnUsage>
</ind_PK_UK>
<ind_PK_UK id="5911EA41-3897-0CCF-7FB0-328EAFC5713F" name="Temporal_Residente_FK">
<createdBy>franciscagoeppinger</createdBy>
<createdTime>2025-08-30 15:34:55 UTC</createdTime>
<generatorID>66827680-7C33-4C10-3F44-4EB3ADD26E58</generatorID>
<ownerDesignName>SUMATIVA1</ownerDesignName>
<indexState>Foreign Key</indexState>
<isSurrogateKey>false</isSurrogateKey>
<indexColumnUsage>
<colUsage columnID="0577FE6C-6074-5205-B477-CB695B7B0846"/>
</indexColumnUsage>
</ind_PK_UK>
</indexes>
</Table>