<?xml version = '1.0' encoding = 'UTF-8'?>
<Table class="oracle.dbtools.crest.model.design.relational.Table" directorySegmentName="seg_0" id="AE782700-29CD-7EB7-1D5D-32B5C7CB31D7" name="Persona">
<createdBy>franciscagoeppinger</createdBy>
<createdTime>2025-08-30 15:34:55 UTC</createdTime>
<generatorID>EAAD3DEC-0E52-6A80-669E-4A52EB772ADD</generatorID>
<ownerDesignName>SUMATIVA1</ownerDesignName>
<allowColumnReorder>false</allowColumnReorder>
<existDependencyGenerateInDDl>true</existDependencyGenerateInDDl>
<parsed>true</parsed>
<columns itemClass="oracle.dbtools.crest.model.design.relational.Column">
<Column name="ID_Persona" id="9D1D850A-A35E-BD90-797C-5677F5AC3B31">
<createdBy>franciscagoeppinger</createdBy>
<createdTime>2025-08-30 15:34:55 UTC</createdTime>
<generatorID>04A7AF31-8104-7589-0AC3-329D3562F798</generatorID>
<ownerDesignName>SUMATIVA1</ownerDesignName>
<useDomainConstraints>false</useDomainConstraints>
<use>1</use>
<logicalDatatype>LOGDT024</logicalDatatype>
<dataTypeSize>10</dataTypeSize>
<ownDataTypeParameters>10,,</ownDataTypeParameters>
<autoIncrementCycle>false</autoIncrementCycle>
</Column>
<Column name="RUT" id="9D56A884-8855-F734-75A2-BC7BFE95A8C0">
<createdBy>franciscagoeppinger</createdBy>
<createdTime>2025-08-30 15:34:55 UTC</createdTime>
<generatorID>E30D08F7-8F75-DC39-0B00-A89F8FAAC813</generatorID>
<ownerDesignName>SUMATIVA1</ownerDesignName>
<useDomainConstraints>false</useDomainConstraints>
<use>1</use>
<logicalDatatype>LOGDT024</logicalDatatype>
<dataTypeSize>12</dataTypeSize>
<ownDataTypeParameters>12,,</ownDataTypeParameters>
<autoIncrementCycle>false</autoIncrementCycle>
</Column>
<Column name="Nombre_Completo" id="1014B681-65EA-216C-6CE0-F597BE1CBF54">
<createdBy>franciscagoeppinger</createdBy>
<createdTime>2025-08-30 15:34:55 UTC</createdTime>
<generatorID>8F0D4089-DB02-9CBD-A76F-2F8E28DDA389</generatorID>
<ownerDesignName>SUMATIVA1</ownerDesignName>
<useDomainConstraints>false</useDomainConstraints>
<use>1</use>
<logicalDatatype>LOGDT024</logicalDatatype>
<dataTypeSize>99</dataTypeSize>
<ownDataTypeParameters>99,,</ownDataTypeParameters>
<autoIncrementCycle>false</autoIncrementCycle>
</Column>
<Column name="FechaNacimiento" id="FAB538CE-0A9C-E71E-D56D-9ADE6767E522">
<createdBy>franciscagoeppinger</createdBy>
<createdTime>2025-08-30 15:34:55 UTC</createdTime>
<generatorID>13D3BD65-76A4-ADF7-303F-F474B48E46F4</generatorID>
<ownerDesignName>SUMATIVA1</ownerDesignName>
<useDomainConstraints>false</useDomainConstraints>
<use>1</use>
<logicalDatatype>LOGDT007</logicalDatatype>
<ownDataTypeParameters>,,</ownDataTypeParameters>
<autoIncrementCycle>false</autoIncrementCycle>
</Column>
<Column name="IngresoSis" id="D4D490EC-5546-D5B0-093E-360C3CFC5896">
<createdBy>franciscagoeppinger</createdBy>
<createdTime>2025-08-30 15:34:55 UTC</createdTime>
<generatorID>7B5EBD78-7010-30DC-DF54-C196BFD7B786</generatorID>
<ownerDesignName>SUMATIVA1</ownerDesignName>
<useDomainConstraints>false</useDomainConstraints>
<use>1</use>
<logicalDatatype>LOGDT007</logicalDatatype>
<ownDataTypeParameters>,,</ownDataTypeParameters>
<autoIncrementCycle>false</autoIncrementCycle>
</Column>
</columns>
<indexes itemClass="oracle.dbtools.crest.model.design.relational.Index">
<ind_PK_UK id="46C520B6-6188-1A91-119E-CA8383051411" name="Persona_PK">
<createdBy>franciscagoeppinger</createdBy>
<createdTime>2025-08-30 15:34:55 UTC</createdTime>
<generatorID>F05812DC-8FA6-0510-5C33-FA0B1AF18B0D</generatorID>
<ownerDesignName>SUMATIVA1</ownerDesignName>
<pk>true</pk>
<indexState>Primary Constraint</indexState>
<isSurrogateKey>false</isSurrogateKey>
<indexColumnUsage>
<colUsage columnID="9D1D850A-A35E-BD90-797C-5677F5AC3B31"/>
</indexColumnUsage>
</ind_PK_UK>
</indexes>
</Table>