<?xml version = '1.0' encoding = 'UTF-8'?>
<Diagram class="oracle.dbtools.crest.swingui.logical.DPVLogical" name="Logical" id="116A5103-7F00-E70D-0DD6-60BC8C48E6F8">
<createdBy>franciscagoeppinger</createdBy>
<modifiedBy>franciscagoeppinger</modifiedBy>
<createdTime>2025-08-30 11:29:34 UTC</createdTime>
<autoRoute>false</autoRoute>
<boxInbox>true</boxInbox>
<showLegend>false</showLegend>
<showLabels>true</showLabels>
<showRelAttributes>false</showRelAttributes>
<gridEnabled>false</gridEnabled>
<showGrid>false</showGrid>
<diagramColor>-1</diagramColor>
<display>false</display>
<notation>2</notation>
<showComments>true</showComments>
<showClassificationTypes>true</showClassificationTypes>
<hideDetailsOnZoomOut>false</hideDetailsOnZoomOut>
<objectViews>
<OView class="oracle.dbtools.crest.swingui.logical.TVEntity" oid="14BC8E22-4558-730B-662D-0D424B15CBC1" otype="Entity" vid="733B7E44-931E-2539-77F8-A031748BE5A0">
<hideElementsInCurrentOnly>false</hideElementsInCurrentOnly>
<bounds x="52" y="375" width="211" height="57"/>
</OView>
<OView class="oracle.dbtools.crest.swingui.logical.TVEntity" oid="1504B7AC-C6A8-D057-5873-F3D3719976B4" otype="Entity" vid="04EA3FC7-0F30-6A6D-E530-BDF0AB010B66">
<hideElementsInCurrentOnly>false</hideElementsInCurrentOnly>
<bounds x="44" y="203" width="265" height="71"/>
</OView>
<OView class="oracle.dbtools.crest.swingui.logical.TVEntity" oid="1EB83845-8F1E-0444-58DB-5454668574B8" otype="Entity" vid="2DE83F24-B150-1B98-1D29-8C8344A96A88">
<hideElementsInCurrentOnly>false</hideElementsInCurrentOnly>
<bounds x="999" y="513" width="195" height="103"/>
</OView>
<OView class="oracle.dbtools.crest.swingui.TVNote" oid="1FA2F7B9-0876-D1A6-6582-A7077B362BE8" otype="Note" vid="1BE694AC-069F-9435-8A11-ADE32AAFC85C">
<hideElementsInCurrentOnly>false</hideElementsInCurrentOnly>
<bounds x="320" y="463" width="95" height="105"/>
<comment>El personal trabaja para la residencia, y la residencia contrata mucho personal</comment>
</OView>
<OView class="oracle.dbtools.crest.swingui.logical.TVEntity" oid="3A414256-7C38-1199-512F-3BD883C54907" otype="Entity" vid="76823A82-4D93-E7BC-B5A5-38630A88A7AE">
<hideElementsInCurrentOnly>false</hideElementsInCurrentOnly>
<bounds x="989" y="415" width="249" height="211"/>
</OView>
<OView class="oracle.dbtools.crest.swingui.logical.TVEntity" oid="3F65FD71-9CD0-30A0-8C18-AC00B7F0E8DC" otype="Entity" vid="B402D3EC-6B34-CB7A-F26E-16D23034859A">
<hideElementsInCurrentOnly>false</hideElementsInCurrentOnly>
<bounds x="41" y="471" width="501" height="159"/>
</OView>
<OView class="oracle.dbtools.crest.swingui.TVNote" oid="4DBBF700-34E1-0442-60C7-587BCE82DAFE" otype="Note" vid="ADD6FDE6-7573-ACDE-9CFF-1CE123486B8B">
<hideElementsInCurrentOnly>false</hideElementsInCurrentOnly>
<bounds x="1245" y="213" width="95" height="85"/>
<comment>Un contrato puede tener muchos anexos pero un anexo solo a un contrato</comment>
</OView>
<OView class="oracle.dbtools.crest.swingui.logical.TVEntity" oid="5EB8CA37-1759-B472-CB11-8CC30E879EF9" otype="Entity" vid="1EE4B5E4-5F19-C088-E2C6-01DEBEA12BE7">
<hideElementsInCurrentOnly>false</hideElementsInCurrentOnly>
<bounds x="44" y="296" width="498" height="146"/>
</OView>
<OView class="oracle.dbtools.crest.swingui.TVNote" oid="65943208-9815-E560-39CE-95C442C23687" otype="Note" vid="DEC5C28A-2AFA-11E4-97B5-DFB29F74738D">
<hideElementsInCurrentOnly>false</hideElementsInCurrentOnly>
<bounds x="874" y="348" width="95" height="109"/>
<comment>El residente se aloja en una habitacion, una habitacion es ocupada por uno o muchos residentes</comment>
</OView>
<OView class="oracle.dbtools.crest.swingui.TVNote" oid="7345D60B-D887-1CEA-BC12-34EDDF540780" otype="Note" vid="3FE27E17-A071-F0F5-90A8-887148EA1E31">
<hideElementsInCurrentOnly>false</hideElementsInCurrentOnly>
<bounds x="981" y="643" width="95" height="96"/>
<comment>Una residencia tiene muchas habitaciones pero una habitacion pertenece solo a una residencia
</comment>
</OView>
<OView class="oracle.dbtools.crest.swingui.logical.TVEntity" oid="7B5C9688-F200-5CD1-0170-75747088B766" otype="Entity" vid="AA0D2B7A-9FA3-4C78-4F8D-F7F4C58C0953">
<hideElementsInCurrentOnly>false</hideElementsInCurrentOnly>
<bounds x="987" y="86" width="251" height="287"/>
</OView>
<OView class="oracle.dbtools.crest.swingui.logical.TVEntity" oid="7F741CD2-050D-6C93-A537-3CF8425209E2" otype="Entity" vid="D0346FE6-A3E1-FA96-09A0-3E041402CA61">
<hideElementsInCurrentOnly>false</hideElementsInCurrentOnly>
<bounds x="55" y="537" width="217" height="83"/>
</OView>
<OView class="oracle.dbtools.crest.swingui.TVNote" oid="A17B4D80-44D4-E7AA-BB8F-7A594CBB34A5" otype="Note" vid="323B5758-F7C2-F962-429F-3B109D6507FC">
<hideElementsInCurrentOnly>false</hideElementsInCurrentOnly>
<bounds x="338" y="129" width="95" height="91"/>
<comment>Un apoderado puede suscribir muchos contratos pero un contrato solo por un unico apoderado</comment>
</OView>
<OView class="oracle.dbtools.crest.swingui.logical.TVEntity" oid="CBE23217-C0D5-53A3-BCDA-2FE05FFF51D3" otype="Entity" vid="61A13A5F-44B3-5881-C62A-4407A6180EBC">
<hideElementsInCurrentOnly>false</hideElementsInCurrentOnly>
<bounds x="307" y="375" width="204" height="57"/>
</OView>
<OView class="oracle.dbtools.crest.swingui.logical.TVEntity" oid="E7A20422-F364-F6AB-F2C1-C4E68042BA35" otype="Entity" vid="DA832764-3B16-31AF-7DF6-C8120960F104">
<hideElementsInCurrentOnly>false</hideElementsInCurrentOnly>
<bounds x="330" y="539" width="189" height="70"/>
</OView>
<OView class="oracle.dbtools.crest.swingui.logical.TVEntity" oid="EAAD3DEC-0E52-6A80-669E-4A52EB772ADD" otype="Entity" vid="C3D1374D-C324-FD6F-C409-A4BCCA4F6EF3">
<hideElementsInCurrentOnly>false</hideElementsInCurrentOnly>
<bounds x="26" y="96" width="591" height="557"/>
</OView>
<OView class="oracle.dbtools.crest.swingui.logical.TVEntity" oid="F7C68197-CB6D-FA10-EB78-B8344CDFAC5D" otype="Entity" vid="13C6A5B6-123C-FE9F-563A-C364BD0A01AE">
<hideElementsInCurrentOnly>false</hideElementsInCurrentOnly>
<bounds x="1000" y="222" width="225" height="96"/>
</OView>
<OView class="oracle.dbtools.crest.swingui.TVNote" oid="F8E4E324-FAE2-D60B-EFEC-75667B66E5B9" otype="Note" vid="98DDFB47-9B76-9D59-CE15-74CB7A754995">
<hideElementsInCurrentOnly>false</hideElementsInCurrentOnly>
<bounds x="628" y="333" width="170" height="54"/>
<comment>Un anexo registra la estadia de un UNICO residente, el residente puede tener muchos anexos</comment>
</OView>
</objectViews>
<connectors>
<Connector class="oracle.dbtools.crest.swingui.logical.TVRelation" oid="1DF95CA9-F4D2-E3C4-5540-0394E1CF7012" otype="Relation" vid_source="1EE4B5E4-5F19-C088-E2C6-01DEBEA12BE7" vid_target="2DE83F24-B150-1B98-1D29-8C8344A96A88">
<hideElementsInCurrentOnly>false</hideElementsInCurrentOnly>
<backgroundColor>-16777216</backgroundColor>
<lineWidth>1</lineWidth>
<sourceLabel class="oracle.dbtools.crest.model.design.Label">
<site>0</site>
<labelBounds x="552" y="383" width="46" height="30"/>
<noBackgroundColor>true</noBackgroundColor>
<noForegroundColor>true</noForegroundColor>
</sourceLabel>
<targetLabel class="oracle.dbtools.crest.model.design.Label">
<site>2</site>
<labelBounds x="941" y="539" width="52" height="30"/>
<noBackgroundColor>true</noBackgroundColor>
<noForegroundColor>true</noForegroundColor>
</targetLabel>
<points>
<point x="542" y="383"/>
<point x="999" y="539"/>
</points>
</Connector>
<Connector class="oracle.dbtools.crest.swingui.logical.TVInheritanceRelation" oid="28F1EA5E-71D3-FFC9-879F-E362AA391D71" otype="Hierarchy relation" vid_source="76823A82-4D93-E7BC-B5A5-38630A88A7AE" vid_target="2DE83F24-B150-1B98-1D29-8C8344A96A88">
<hideElementsInCurrentOnly>false</hideElementsInCurrentOnly>
<backgroundColor>-65536</backgroundColor>
<lineWidth>1</lineWidth>
</Connector>
<Connector class="oracle.dbtools.crest.swingui.logical.TVInheritanceRelation" oid="35D1537A-0330-8E58-C4E3-DF9A8CC5D3DE" otype="Hierarchy relation" vid_source="1EE4B5E4-5F19-C088-E2C6-01DEBEA12BE7" vid_target="733B7E44-931E-2539-77F8-A031748BE5A0">
<hideElementsInCurrentOnly>false</hideElementsInCurrentOnly>
<backgroundColor>-65536</backgroundColor>
<lineWidth>1</lineWidth>
</Connector>
<Connector class="oracle.dbtools.crest.swingui.logical.TVInheritanceRelation" oid="57346FAD-488A-995E-5206-2EE8ABFDC30E" otype="Hierarchy relation" vid_source="C3D1374D-C324-FD6F-C409-A4BCCA4F6EF3" vid_target="04EA3FC7-0F30-6A6D-E530-BDF0AB010B66">
<hideElementsInCurrentOnly>false</hideElementsInCurrentOnly>
<backgroundColor>-65536</backgroundColor>
<lineWidth>1</lineWidth>
</Connector>
<Connector class="oracle.dbtools.crest.swingui.logical.TVRelation" oid="62F1500F-355C-34E7-5CD1-9660C169F645" otype="Relation" vid_source="1EE4B5E4-5F19-C088-E2C6-01DEBEA12BE7" vid_target="13C6A5B6-123C-FE9F-563A-C364BD0A01AE">
<hideElementsInCurrentOnly>false</hideElementsInCurrentOnly>
<backgroundColor>-16777216</backgroundColor>
<lineWidth>1</lineWidth>
<sourceLabel class="oracle.dbtools.crest.model.design.Label">
<site>0</site>
<labelBounds x="552" y="270" width="94" height="30"/>
<noBackgroundColor>true</noBackgroundColor>
<noForegroundColor>true</noForegroundColor>
</sourceLabel>
<targetLabel class="oracle.dbtools.crest.model.design.Label">
<site>2</site>
<labelBounds x="887" y="303" width="107" height="30"/>
<noBackgroundColor>true</noBackgroundColor>
<noForegroundColor>true</noForegroundColor>
</targetLabel>
<points>
<point x="542" y="300"/>
<point x="1000" y="300"/>
</points>
</Connector>
<Connector class="oracle.dbtools.crest.swingui.logical.TVInheritanceRelation" oid="66827680-7C33-4C10-3F44-4EB3ADD26E58" otype="Hierarchy relation" vid_source="1EE4B5E4-5F19-C088-E2C6-01DEBEA12BE7" vid_target="61A13A5F-44B3-5881-C62A-4407A6180EBC">
<hideElementsInCurrentOnly>false</hideElementsInCurrentOnly>
<backgroundColor>-65536</backgroundColor>
<lineWidth>1</lineWidth>
</Connector>
<Connector class="oracle.dbtools.crest.swingui.logical.TVInheritanceRelation" oid="6F66DF0D-7578-B936-43CC-40FF24168700" otype="Hierarchy relation" vid_source="C3D1374D-C324-FD6F-C409-A4BCCA4F6EF3" vid_target="B402D3EC-6B34-CB7A-F26E-16D23034859A">
<hideElementsInCurrentOnly>false</hideElementsInCurrentOnly>
<backgroundColor>-65536</backgroundColor>
<lineWidth>1</lineWidth>
</Connector>
<Connector class="oracle.dbtools.crest.swingui.logical.TVInheritanceRelation" oid="AC2A2981-BDC5-EA99-440D-8ECBE16E21AD" otype="Hierarchy relation" vid_source="B402D3EC-6B34-CB7A-F26E-16D23034859A" vid_target="D0346FE6-A3E1-FA96-09A0-3E041402CA61">
<hideElementsInCurrentOnly>false</hideElementsInCurrentOnly>
<backgroundColor>-65536</backgroundColor>
<lineWidth>1</lineWidth>
</Connector>
<Connector class="oracle.dbtools.crest.swingui.logical.TVRelation" oid="B804DBF0-065F-8B09-6E81-C53E4B22C58B" otype="Relation" vid_source="B402D3EC-6B34-CB7A-F26E-16D23034859A" vid_target="76823A82-4D93-E7BC-B5A5-38630A88A7AE">
<hideElementsInCurrentOnly>false</hideElementsInCurrentOnly>
<backgroundColor>-16777216</backgroundColor>
<lineWidth>1</lineWidth>
<sourceLabel class="oracle.dbtools.crest.model.design.Label">
<site>0</site>
<labelBounds x="552" y="598" width="65" height="30"/>
<noBackgroundColor>true</noBackgroundColor>
<noForegroundColor>true</noForegroundColor>
</sourceLabel>
<targetLabel class="oracle.dbtools.crest.model.design.Label">
<site>2</site>
<labelBounds x="929" y="602" width="54" height="30"/>
<noBackgroundColor>true</noBackgroundColor>
<noForegroundColor>true</noForegroundColor>
</targetLabel>
<points>
<point x="542" y="598"/>
<point x="989" y="602"/>
</points>
</Connector>
<Connector class="oracle.dbtools.crest.swingui.logical.TVInheritanceRelation" oid="C3E24AC1-A0F6-3437-9C43-4B8CDDEBEAF0" otype="Hierarchy relation" vid_source="C3D1374D-C324-FD6F-C409-A4BCCA4F6EF3" vid_target="1EE4B5E4-5F19-C088-E2C6-01DEBEA12BE7">
<hideElementsInCurrentOnly>false</hideElementsInCurrentOnly>
<backgroundColor>-65536</backgroundColor>
<lineWidth>1</lineWidth>
</Connector>
<Connector class="oracle.dbtools.crest.swingui.logical.TVInheritanceRelation" oid="EF1FD169-6287-7F7F-40D4-FC1B8464B00A" otype="Hierarchy relation" vid_source="B402D3EC-6B34-CB7A-F26E-16D23034859A" vid_target="DA832764-3B16-31AF-7DF6-C8120960F104">
<hideElementsInCurrentOnly>false</hideElementsInCurrentOnly>
<backgroundColor>-65536</backgroundColor>
<lineWidth>1</lineWidth>
</Connector>
<Connector class="oracle.dbtools.crest.swingui.logical.TVRelation" oid="F332AACF-5EB4-2B9C-5E00-E2916389B73B" otype="Relation" vid_source="04EA3FC7-0F30-6A6D-E530-BDF0AB010B66" vid_target="AA0D2B7A-9FA3-4C78-4F8D-F7F4C58C0953">
<hideElementsInCurrentOnly>false</hideElementsInCurrentOnly>
<backgroundColor>-16777216</backgroundColor>
<lineWidth>1</lineWidth>
<sourceLabel class="oracle.dbtools.crest.model.design.Label">
<site>0</site>
<labelBounds x="319" y="195" width="55" height="30"/>
<noBackgroundColor>true</noBackgroundColor>
<noForegroundColor>true</noForegroundColor>
</sourceLabel>
<targetLabel class="oracle.dbtools.crest.model.design.Label">
<site>2</site>
<labelBounds x="926" y="228" width="55" height="30"/>
<noBackgroundColor>true</noBackgroundColor>
<noForegroundColor>true</noForegroundColor>
</targetLabel>
<points>
<point x="309" y="225"/>
<point x="987" y="225"/>
</points>
</Connector>
<Connector class="oracle.dbtools.crest.swingui.logical.TVInheritanceRelation" oid="F498AF97-237C-8AA2-8717-E2FF9FBEB71D" otype="Hierarchy relation" vid_source="AA0D2B7A-9FA3-4C78-4F8D-F7F4C58C0953" vid_target="13C6A5B6-123C-FE9F-563A-C364BD0A01AE">
<hideElementsInCurrentOnly>false</hideElementsInCurrentOnly>
<backgroundColor>-65536</backgroundColor>
<lineWidth>1</lineWidth>
</Connector>
</connectors>
</Diagram>