<?xml version = '1.0' encoding = 'UTF-8'?>
<FKIndexAssociation class="oracle.dbtools.crest.model.design.relational.FKIndexAssociation" directorySegmentName="seg_0" id="0ECD02FC-F703-8D77-A728-765114893810" containerWithKeyObject="3C1AF2B2-B8CF-7C18-69EE-7C7A0C5CE6C2" localFKIndex="35F0BA0C-F006-7475-09A7-2C0071EFCFA0" name="Habitacion_Residencia_FK">
<createdBy>franciscagoeppinger</createdBy>
<createdTime>2025-08-30 15:34:55 UTC</createdTime>
<generatorID>28F1EA5E-71D3-FFC9-879F-E362AA391D71</generatorID>
<ownerDesignName>SUMATIVA1</ownerDesignName>
<referredTableLongName>Residencia</referredTableLongName>
<deleteRule>NO ACTION</deleteRule>
<referredTableID>3262A658-A996-33F8-DD3F-8A2F14855864</referredTableID>
<keyObject>8104EA04-1D33-0829-6947-BAFF52F3EBC3</keyObject>
<referredKeyID>8104EA04-1D33-0829-6947-BAFF52F3EBC3</referredKeyID>
<mandatory>true</mandatory>
<refColNames>ID</refColNames>
<transferable>true</transferable>
<rely>false</rely>
<columnDependencyConstraintGenerateInDDL>true</columnDependencyConstraintGenerateInDDL>
</FKIndexAssociation>