<?xml version = '1.0' encoding = 'UTF-8'?>
<FKIndexAssociation class="oracle.dbtools.crest.model.design.relational.FKIndexAssociation" directorySegmentName="seg_0" id="3F73D019-85F2-9870-1159-CC78DA533DB2" containerWithKeyObject="A508243E-93E4-450F-4A99-0222EC6D5B33" localFKIndex="5911EA41-3897-0CCF-7FB0-328EAFC5713F" name="Temporal_Residente_FK">
<createdBy>franciscagoeppinger</createdBy>
<createdTime>2025-08-30 15:34:55 UTC</createdTime>
<generatorID>66827680-7C33-4C10-3F44-4EB3ADD26E58</generatorID>
<ownerDesignName>SUMATIVA1</ownerDesignName>
<referredTableLongName>Residente</referredTableLongName>
<arc>D43D46BD-22EE-4BA7-A903-3221F799B1C7</arc>
<deleteRule>NO ACTION</deleteRule>
<referredTableID>51D7C889-2679-8B3F-BDB2-12D48DED8104</referredTableID>
<keyObject>6C491FF2-2BC8-DB34-4527-DA757F6FC0D6</keyObject>
<referredKeyID>6C491FF2-2BC8-DB34-4527-DA757F6FC0D6</referredKeyID>
<mandatory>true</mandatory>
<refColNames>ID_Persona</refColNames>
<transferable>true</transferable>
<rely>false</rely>
<columnDependencyConstraintGenerateInDDL>true</columnDependencyConstraintGenerateInDDL>
</FKIndexAssociation>