<?xml version = '1.0' encoding = 'UTF-8'?>
<FKIndexAssociation class="oracle.dbtools.crest.model.design.relational.FKIndexAssociation" directorySegmentName="seg_0" id="518A1474-E949-210A-F530-71C4A95BD16C" containerWithKeyObject="2B81D59A-3360-5165-4836-78C3E7687E6F" localFKIndex="6D99746F-1340-9F53-7BB5-2C53FF107089" name="Contrato_Apoderado_FK">
<createdBy>franciscagoeppinger</createdBy>
<createdTime>2025-08-30 15:34:55 UTC</createdTime>
<generatorID>F332AACF-5EB4-2B9C-5E00-E2916389B73B</generatorID>
<ownerDesignName>SUMATIVA1</ownerDesignName>
<referredTableLongName>Apoderado</referredTableLongName>
<deleteRule>NO ACTION</deleteRule>
<referredTableID>2D736797-8C78-0C17-140D-CDDD833B9DD9</referredTableID>
<keyObject>A2B50D59-6903-6253-AE9E-2A14F6EE93A2</keyObject>
<referredKeyID>A2B50D59-6903-6253-AE9E-2A14F6EE93A2</referredKeyID>
<mandatory>true</mandatory>
<refColNames>ID_Persona</refColNames>
<transferable>true</transferable>
<rely>false</rely>
<columnDependencyConstraintGenerateInDDL>true</columnDependencyConstraintGenerateInDDL>
</FKIndexAssociation>