<?xml version = '1.0' encoding = 'UTF-8'?>
<FKIndexAssociation class="oracle.dbtools.crest.model.design.relational.FKIndexAssociation" directorySegmentName="seg_0" id="634F749F-9ADB-B191-0691-FA25EE43629C" containerWithKeyObject="B253E6D2-A81A-5F10-44CC-C0B9EA2921BA" localFKIndex="19820146-C287-5DC0-AF3B-D5C1A1BDA606" name="Personal_Persona_FK">
<createdBy>franciscagoeppinger</createdBy>
<createdTime>2025-08-30 15:34:55 UTC</createdTime>
<generatorID>6F66DF0D-7578-B936-43CC-40FF24168700</generatorID>
<ownerDesignName>SUMATIVA1</ownerDesignName>
<referredTableLongName>Persona</referredTableLongName>
<arc>D3618FD3-BF40-D2FA-0674-CC960988FAB7</arc>
<deleteRule>NO ACTION</deleteRule>
<referredTableID>AE782700-29CD-7EB7-1D5D-32B5C7CB31D7</referredTableID>
<keyObject>46C520B6-6188-1A91-119E-CA8383051411</keyObject>
<referredKeyID>46C520B6-6188-1A91-119E-CA8383051411</referredKeyID>
<mandatory>true</mandatory>
<refColNames>ID_Persona</refColNames>
<transferable>true</transferable>
<rely>false</rely>
<columnDependencyConstraintGenerateInDDL>true</columnDependencyConstraintGenerateInDDL>
</FKIndexAssociation>