<?xml version = '1.0' encoding = 'UTF-8'?>
<FKIndexAssociation class="oracle.dbtools.crest.model.design.relational.FKIndexAssociation" directorySegmentName="seg_0" id="6AD193FB-B189-5746-85C8-0AC3F228D27F" containerWithKeyObject="9AACE8EB-4F83-719E-438E-E2ABAEF14723" localFKIndex="CAFD42D1-D4F3-ECAC-8955-96947845EBE4" name="Anexos_Residente_FK">
<createdBy>franciscagoeppinger</createdBy>
<createdTime>2025-08-30 15:34:55 UTC</createdTime>
<generatorID>62F1500F-355C-34E7-5CD1-9660C169F645</generatorID>
<ownerDesignName>SUMATIVA1</ownerDesignName>
<referredTableLongName>Residente</referredTableLongName>
<deleteRule>NO ACTION</deleteRule>
<referredTableID>51D7C889-2679-8B3F-BDB2-12D48DED8104</referredTableID>
<keyObject>E784C523-4E62-1F07-A8E7-48FB06F238D8</keyObject>
<referredKeyID>E784C523-4E62-1F07-A8E7-48FB06F238D8</referredKeyID>
<mandatory>true</mandatory>
<transferable>true</transferable>
<rely>false</rely>
<columnDependencyConstraintGenerateInDDL>true</columnDependencyConstraintGenerateInDDL>
</FKIndexAssociation>