<?xml version = '1.0' encoding = 'UTF-8'?>
<FKIndexAssociation class="oracle.dbtools.crest.model.design.relational.FKIndexAssociation" directorySegmentName="seg_0" id="A0A28082-4180-F5F8-B027-32DAD8CE286D" containerWithKeyObject="2D736797-8C78-0C17-140D-CDDD833B9DD9" localFKIndex="F9E7E363-161E-2DA3-D619-4AC9F5B8B182" name="Apoderado_Persona_FK">
<createdBy>franciscagoeppinger</createdBy>
<createdTime>2025-08-30 15:34:55 UTC</createdTime>
<generatorID>57346FAD-488A-995E-5206-2EE8ABFDC30E</generatorID>
<ownerDesignName>SUMATIVA1</ownerDesignName>
<referredTableLongName>Persona</referredTableLongName>
<arc>D3618FD3-BF40-D2FA-0674-CC960988FAB7</arc>
<deleteRule>NO ACTION</deleteRule>
<referredTableID>AE782700-29CD-7EB7-1D5D-32B5C7CB31D7</referredTableID>
<keyObject>46C520B6-6188-1A91-119E-CA8383051411</keyObject>
<referredKeyID>46C520B6-6188-1A91-119E-CA8383051411</referredKeyID>
<mandatory>true</mandatory>
<refColNames>ID_Persona</refColNames>
<transferable>true</transferable>
<rely>false</rely>
<columnDependencyConstraintGenerateInDDL>true</columnDependencyConstraintGenerateInDDL>
</FKIndexAssociation>