<?xml version = '1.0' encoding = 'UTF-8'?>
<FKIndexAssociation class="oracle.dbtools.crest.model.design.relational.FKIndexAssociation" directorySegmentName="seg_0" id="AD38127E-F2A1-24DE-AA38-C7CC3563A7C8" containerWithKeyObject="9AACE8EB-4F83-719E-438E-E2ABAEF14723" localFKIndex="7914379F-E358-614C-1D2C-0E60C602B5C7" name="Anexos_Contrato_FK">
<createdBy>franciscagoeppinger</createdBy>
<createdTime>2025-08-30 15:34:55 UTC</createdTime>
<generatorID>F498AF97-237C-8AA2-8717-E2FF9FBEB71D</generatorID>
<ownerDesignName>SUMATIVA1</ownerDesignName>
<referredTableLongName>Contrato</referredTableLongName>
<deleteRule>NO ACTION</deleteRule>
<referredTableID>2B81D59A-3360-5165-4836-78C3E7687E6F</referredTableID>
<keyObject>DB74127D-DEEE-40D3-56D2-97105D260C06</keyObject>
<referredKeyID>DB74127D-DEEE-40D3-56D2-97105D260C06</referredKeyID>
<mandatory>true</mandatory>
<refColNames>ID</refColNames>
<transferable>true</transferable>
<rely>false</rely>
<columnDependencyConstraintGenerateInDDL>true</columnDependencyConstraintGenerateInDDL>
</FKIndexAssociation>