<?xml version = '1.0' encoding = 'UTF-8'?>
<FKIndexAssociation class="oracle.dbtools.crest.model.design.relational.FKIndexAssociation" directorySegmentName="seg_0" id="F273DFA3-3095-C389-45C4-C99DC7876C75" containerWithKeyObject="51D7C889-2679-8B3F-BDB2-12D48DED8104" localFKIndex="EF539C34-4187-5133-E025-78CB02FDA9BC" name="Residente_Persona_FK">
<createdBy>franciscagoeppinger</createdBy>
<createdTime>2025-08-30 15:34:55 UTC</createdTime>
<generatorID>C3E24AC1-A0F6-3437-9C43-4B8CDDEBEAF0</generatorID>
<ownerDesignName>SUMATIVA1</ownerDesignName>
<referredTableLongName>Persona</referredTableLongName>
<arc>D3618FD3-BF40-D2FA-0674-CC960988FAB7</arc>
<deleteRule>NO ACTION</deleteRule>
<referredTableID>AE782700-29CD-7EB7-1D5D-32B5C7CB31D7</referredTableID>
<keyObject>46C520B6-6188-1A91-119E-CA8383051411</keyObject>
<referredKeyID>46C520B6-6188-1A91-119E-CA8383051411</referredKeyID>
<mandatory>true</mandatory>
<refColNames>ID_Persona</refColNames>
<transferable>true</transferable>
<rely>false</rely>
<columnDependencyConstraintGenerateInDDL>true</columnDependencyConstraintGenerateInDDL>
</FKIndexAssociation>