<?xml version = '1.0' encoding = 'UTF-8'?>
<Entity class="oracle.dbtools.crest.model.design.logical.Entity" directorySegmentName="seg_0" id="3A414256-7C38-1199-512F-3BD883C54907" name="Residencia">
<createdBy>franciscagoeppinger</createdBy>
<createdTime>2025-08-30 11:29:34 UTC</createdTime>
<ownerDesignName>SUMATIVA1</ownerDesignName>
<engineerTo>
<item key="39ED7966-FC7A-3013-FE28-2575E1D628BA" value="true"/>
</engineerTo>
<adequatelyNormalized>NO</adequatelyNormalized>
<expectedVolumes>0</expectedVolumes>
<fwdEngineeringStrategyName>Single Table</fwdEngineeringStrategyName>
<growthPercent>0</growthPercent>
<growthType>Year</growthType>
<maxVolumes>9999999</maxVolumes>
<minVolumes>0</minVolumes>
<normalForm>Third</normalForm>
<attributes itemClass="oracle.dbtools.crest.model.design.logical.Attribute">
<Attribute name="ID_Residencia" id="82648620-C80F-51D2-A760-B39C840FABE6">
<createdBy>franciscagoeppinger</createdBy>
<createdTime>2025-08-30 11:49:58 UTC</createdTime>
<ownerDesignName>SUMATIVA1</ownerDesignName>
<engineerTo>
<item key="39ED7966-FC7A-3013-FE28-2575E1D628BA" value="true"/>
</engineerTo>
<useDomainConstraints>false</useDomainConstraints>
<use>1</use>
<logicalDatatype>LOGDT024</logicalDatatype>
<dataTypeSize>99</dataTypeSize>
<ownDataTypeParameters>99,,</ownDataTypeParameters>
</Attribute>
<Attribute name="Nombre" id="12A3395D-9B35-F57A-FEC8-71F0851EF969">
<createdBy>franciscagoeppinger</createdBy>
<createdTime>2025-08-30 11:50:11 UTC</createdTime>
<ownerDesignName>SUMATIVA1</ownerDesignName>
<engineerTo>
<item key="39ED7966-FC7A-3013-FE28-2575E1D628BA" value="true"/>
</engineerTo>
<useDomainConstraints>false</useDomainConstraints>
<use>1</use>
<logicalDatatype>LOGDT024</logicalDatatype>
<dataTypeSize>99</dataTypeSize>
<ownDataTypeParameters>99,,</ownDataTypeParameters>
</Attribute>
<Attribute name="Direccion" id="248BF26C-FA4A-6161-BE2D-7A49FDEDA66F">
<createdBy>franciscagoeppinger</createdBy>
<createdTime>2025-08-30 11:50:30 UTC</createdTime>
<ownerDesignName>SUMATIVA1</ownerDesignName>
<engineerTo>
<item key="39ED7966-FC7A-3013-FE28-2575E1D628BA" value="true"/>
</engineerTo>
<useDomainConstraints>false</useDomainConstraints>
<use>1</use>
<logicalDatatype>LOGDT024</logicalDatatype>
<dataTypeSize>99</dataTypeSize>
<ownDataTypeParameters>99,,</ownDataTypeParameters>
</Attribute>
<Attribute name="Comuna" id="C8BACDE0-D035-1992-E187-F84EBD167846">
<createdBy>franciscagoeppinger</createdBy>
<createdTime>2025-08-30 11:50:41 UTC</createdTime>
<ownerDesignName>SUMATIVA1</ownerDesignName>
<engineerTo>
<item key="39ED7966-FC7A-3013-FE28-2575E1D628BA" value="true"/>
</engineerTo>
<useDomainConstraints>false</useDomainConstraints>
<use>1</use>
<logicalDatatype>LOGDT024</logicalDatatype>
<dataTypeSize>99</dataTypeSize>
<ownDataTypeParameters>99,,</ownDataTypeParameters>
</Attribute>
</attributes>
<identifiers itemClass="oracle.dbtools.crest.model.design.logical.CandidateKey">
<identifier id="89BA0152-5959-BD0F-D74D-933BE3C48C64" name="Residencia PK">
<createdBy>franciscagoeppinger</createdBy>
<createdTime>2025-08-30 11:50:15 UTC</createdTime>
<ownerDesignName>SUMATIVA1</ownerDesignName>
<engineerTo>
<item key="39ED7966-FC7A-3013-FE28-2575E1D628BA" value="true"/>
</engineerTo>
<pk>true</pk>
<usedAttributes>
<attributeRef>82648620-C80F-51D2-A760-B39C840FABE6</attributeRef>
</usedAttributes>
</identifier>
</identifiers>
</Entity>