<?xml version = '1.0' encoding = 'UTF-8'?>
<Entity class="oracle.dbtools.crest.model.design.logical.Entity" directorySegmentName="seg_0" id="3F65FD71-9CD0-30A0-8C18-AC00B7F0E8DC" name="Personal">
<createdBy>franciscagoeppinger</createdBy>
<createdTime>2025-08-30 11:29:59 UTC</createdTime>
<ownerDesignName>SUMATIVA1</ownerDesignName>
<engineerTo>
<item key="39ED7966-FC7A-3013-FE28-2575E1D628BA" value="true"/>
</engineerTo>
<adequatelyNormalized>NO</adequatelyNormalized>
<expectedVolumes>0</expectedVolumes>
<fwdEngineeringStrategyName>Single Table</fwdEngineeringStrategyName>
<growthPercent>0</growthPercent>
<growthType>Year</growthType>
<hierarchicalParent>EAAD3DEC-0E52-6A80-669E-4A52EB772ADD</hierarchicalParent>
<maxVolumes>9999999</maxVolumes>
<minVolumes>0</minVolumes>
<normalForm>Third</normalForm>
<attributes itemClass="oracle.dbtools.crest.model.design.logical.Attribute">
<Attribute name="TipoContrato" id="DE0D3DC4-9F46-8A53-F463-D3D2B3CC78A1">
<createdBy>franciscagoeppinger</createdBy>
<createdTime>2025-08-30 15:15:43 UTC</createdTime>
<ownerDesignName>SUMATIVA1</ownerDesignName>
<engineerTo>
<item key="39ED7966-FC7A-3013-FE28-2575E1D628BA" value="true"/>
</engineerTo>
<nullsAllowed>true</nullsAllowed>
<useDomainConstraints>false</useDomainConstraints>
<use>1</use>
<logicalDatatype>LOGDT024</logicalDatatype>
<dataTypeSize>20</dataTypeSize>
<ownDataTypeParameters>20,,</ownDataTypeParameters>
</Attribute>
<Attribute name="ID_Residencia" id="B18165BE-50EE-D222-9950-D51142D47440">
<createdBy>franciscagoeppinger</createdBy>
<createdTime>2025-08-30 15:31:42 UTC</createdTime>
<generatorID>B804DBF0-065F-8B09-6E81-C53E4B22C58B</generatorID>
<ownerDesignName>SUMATIVA1</ownerDesignName>
<engineerTo>
<item key="39ED7966-FC7A-3013-FE28-2575E1D628BA" value="true"/>
</engineerTo>
<nullsAllowed>true</nullsAllowed>
<referedAttribute>82648620-C80F-51D2-A760-B39C840FABE6</referedAttribute>
<useDomainConstraints>false</useDomainConstraints>
<use>1</use>
<logicalDatatype>LOGDT024</logicalDatatype>
<dataTypeSize>99</dataTypeSize>
<ownDataTypeParameters>99,,</ownDataTypeParameters>
</Attribute>
</attributes>
</Entity>