<?xml version = '1.0' encoding = 'UTF-8'?>
<Entity class="oracle.dbtools.crest.model.design.logical.Entity" directorySegmentName="seg_0" id="5EB8CA37-1759-B472-CB11-8CC30E879EF9" name="Residente">
<createdBy>franciscagoeppinger</createdBy>
<createdTime>2025-08-30 11:31:59 UTC</createdTime>
<ownerDesignName>SUMATIVA1</ownerDesignName>
<engineerTo>
<item key="39ED7966-FC7A-3013-FE28-2575E1D628BA" value="true"/>
</engineerTo>
<adequatelyNormalized>NO</adequatelyNormalized>
<expectedVolumes>0</expectedVolumes>
<fwdEngineeringStrategyName>Single Table</fwdEngineeringStrategyName>
<growthPercent>0</growthPercent>
<growthType>Year</growthType>
<hierarchicalParent>EAAD3DEC-0E52-6A80-669E-4A52EB772ADD</hierarchicalParent>
<maxVolumes>9999999</maxVolumes>
<minVolumes>0</minVolumes>
<normalForm>Third</normalForm>
<attributes itemClass="oracle.dbtools.crest.model.design.logical.Attribute">
<Attribute name="Autonomia" id="29D8AD4E-BA14-5C8B-EDB4-46217CAEE22D">
<createdBy>franciscagoeppinger</createdBy>
<createdTime>2025-08-30 11:39:25 UTC</createdTime>
<ownerDesignName>SUMATIVA1</ownerDesignName>
<engineerTo>
<item key="39ED7966-FC7A-3013-FE28-2575E1D628BA" value="true"/>
</engineerTo>
<useDomainConstraints>false</useDomainConstraints>
<use>1</use>
<logicalDatatype>LOGDT019</logicalDatatype>
<dataTypePrecision>2</dataTypePrecision>
<ownDataTypeParameters>,2,</ownDataTypeParameters>
</Attribute>
<Attribute name="Id_Contrato" id="0C80180D-61AC-213B-3CEF-701F4B903CB5">
<createdBy>franciscagoeppinger</createdBy>
<createdTime>2025-09-01 16:35:07 UTC</createdTime>
<generatorID>62F1500F-355C-34E7-5CD1-9660C169F645</generatorID>
<ownerDesignName>SUMATIVA1</ownerDesignName>
<engineerTo>
<item key="39ED7966-FC7A-3013-FE28-2575E1D628BA" value="true"/>
</engineerTo>
<referedAttribute>0714BD28-4842-7D5E-3DF9-5FEB5E6D1AD6</referedAttribute>
<useDomainConstraints>false</useDomainConstraints>
<use>1</use>
<logicalDatatype>LOGDT024</logicalDatatype>
<dataTypeSize>20</dataTypeSize>
<ownDataTypeParameters>,,</ownDataTypeParameters>
</Attribute>
<Attribute name="ID_Hab" id="DF5479C6-D369-42D6-8807-D0430D0590EA">
<createdBy>franciscagoeppinger</createdBy>
<createdTime>2025-09-01 16:36:27 UTC</createdTime>
<generatorID>1DF95CA9-F4D2-E3C4-5540-0394E1CF7012</generatorID>
<ownerDesignName>SUMATIVA1</ownerDesignName>
<engineerTo>
<item key="39ED7966-FC7A-3013-FE28-2575E1D628BA" value="true"/>
</engineerTo>
<nullsAllowed>true</nullsAllowed>
<referedAttribute>83DE3DB7-FCFF-F16C-4F0C-0700D4EF61E5</referedAttribute>
<useDomainConstraints>false</useDomainConstraints>
<use>1</use>
<logicalDatatype>LOGDT024</logicalDatatype>
<dataTypeSize>20</dataTypeSize>
<ownDataTypeParameters>,,</ownDataTypeParameters>
</Attribute>
</attributes>
<identifiers itemClass="oracle.dbtools.crest.model.design.logical.CandidateKey">
<identifier id="AC3FECF7-75A0-DB73-9848-91D0B4CA35C5" name="Residente PK">
<createdBy>franciscagoeppinger</createdBy>
<createdTime>2025-08-30 11:38:44 UTC</createdTime>
<ownerDesignName>SUMATIVA1</ownerDesignName>
<engineerTo>
<item key="39ED7966-FC7A-3013-FE28-2575E1D628BA" value="true"/>
</engineerTo>
<pk>true</pk>
</identifier>
</identifiers>
</Entity>