<?xml version = '1.0' encoding = 'UTF-8'?>
<Entity class="oracle.dbtools.crest.model.design.logical.Entity" directorySegmentName="seg_0" id="7B5C9688-F200-5CD1-0170-75747088B766" name="Contrato">
<createdBy>franciscagoeppinger</createdBy>
<createdTime>2025-08-30 11:33:13 UTC</createdTime>
<ownerDesignName>SUMATIVA1</ownerDesignName>
<engineerTo>
<item key="39ED7966-FC7A-3013-FE28-2575E1D628BA" value="true"/>
</engineerTo>
<adequatelyNormalized>NO</adequatelyNormalized>
<expectedVolumes>0</expectedVolumes>
<fwdEngineeringStrategyName>Single Table</fwdEngineeringStrategyName>
<growthPercent>0</growthPercent>
<growthType>Year</growthType>
<maxVolumes>9999999</maxVolumes>
<minVolumes>0</minVolumes>
<normalForm>Third</normalForm>
<attributes itemClass="oracle.dbtools.crest.model.design.logical.Attribute">
<Attribute name="Id_Contrato" id="0714BD28-4842-7D5E-3DF9-5FEB5E6D1AD6">
<createdBy>franciscagoeppinger</createdBy>
<createdTime>2025-08-30 11:44:55 UTC</createdTime>
<ownerDesignName>SUMATIVA1</ownerDesignName>
<engineerTo>
<item key="39ED7966-FC7A-3013-FE28-2575E1D628BA" value="true"/>
</engineerTo>
<useDomainConstraints>false</useDomainConstraints>
<use>1</use>
<logicalDatatype>LOGDT024</logicalDatatype>
<dataTypeSize>20</dataTypeSize>
<ownDataTypeParameters>20,,</ownDataTypeParameters>
</Attribute>
<Attribute name="FechaInicio" id="42B28CE9-893A-7F14-3A5F-121CBD048CEC">
<createdBy>franciscagoeppinger</createdBy>
<createdTime>2025-08-30 11:45:06 UTC</createdTime>
<ownerDesignName>SUMATIVA1</ownerDesignName>
<engineerTo>
<item key="39ED7966-FC7A-3013-FE28-2575E1D628BA" value="true"/>
</engineerTo>
<useDomainConstraints>false</useDomainConstraints>
<use>1</use>
<logicalDatatype>LOGDT007</logicalDatatype>
<ownDataTypeParameters>,,</ownDataTypeParameters>
</Attribute>
<Attribute name="FechaTermino" id="EDB3C885-E087-5633-DC88-220F1CE81618">
<createdBy>franciscagoeppinger</createdBy>
<createdTime>2025-08-30 11:46:23 UTC</createdTime>
<ownerDesignName>SUMATIVA1</ownerDesignName>
<engineerTo>
<item key="39ED7966-FC7A-3013-FE28-2575E1D628BA" value="true"/>
</engineerTo>
<nullsAllowed>true</nullsAllowed>
<useDomainConstraints>false</useDomainConstraints>
<use>1</use>
<logicalDatatype>LOGDT007</logicalDatatype>
<ownDataTypeParameters>,,</ownDataTypeParameters>
</Attribute>
<Attribute name="Financiamiento" id="10D716B2-A63D-108F-2604-2075809C3BC0">
<createdBy>franciscagoeppinger</createdBy>
<createdTime>2025-08-30 11:52:49 UTC</createdTime>
<ownerDesignName>SUMATIVA1</ownerDesignName>
<engineerTo>
<item key="39ED7966-FC7A-3013-FE28-2575E1D628BA" value="true"/>
</engineerTo>
<useDomainConstraints>false</useDomainConstraints>
<use>1</use>
<logicalDatatype>LOGDT024</logicalDatatype>
<dataTypeSize>50</dataTypeSize>
<ownDataTypeParameters>50,,</ownDataTypeParameters>
</Attribute>
<Attribute name="ID_Persona" id="B02397BB-0D0F-53D3-F942-888694875E74">
<createdBy>franciscagoeppinger</createdBy>
<createdTime>2025-08-30 12:24:50 UTC</createdTime>
<generatorID>F332AACF-5EB4-2B9C-5E00-E2916389B73B</generatorID>
<ownerDesignName>SUMATIVA1</ownerDesignName>
<engineerTo>
<item key="39ED7966-FC7A-3013-FE28-2575E1D628BA" value="true"/>
</engineerTo>
<referedAttribute>04A7AF31-8104-7589-0AC3-329D3562F798</referedAttribute>
<useDomainConstraints>false</useDomainConstraints>
<use>1</use>
<logicalDatatype>LOGDT024</logicalDatatype>
<dataTypeSize>10</dataTypeSize>
<ownDataTypeParameters>10,,</ownDataTypeParameters>
</Attribute>
</attributes>
<identifiers itemClass="oracle.dbtools.crest.model.design.logical.CandidateKey">
<identifier id="6D6A5B5C-C9A8-7334-AC3A-25BB1B328F8C" name="Contrato PK">
<createdBy>franciscagoeppinger</createdBy>
<createdTime>2025-08-30 11:45:10 UTC</createdTime>
<ownerDesignName>SUMATIVA1</ownerDesignName>
<engineerTo>
<item key="39ED7966-FC7A-3013-FE28-2575E1D628BA" value="true"/>
</engineerTo>
<pk>true</pk>
<usedAttributes>
<attributeRef>0714BD28-4842-7D5E-3DF9-5FEB5E6D1AD6</attributeRef>
</usedAttributes>
</identifier>
</identifiers>
</Entity>