<?xml version = '1.0' encoding = 'UTF-8'?>
<Entity class="oracle.dbtools.crest.model.design.logical.Entity" directorySegmentName="seg_0" id="7F741CD2-050D-6C93-A537-3CF8425209E2" name="Medicos">
<createdBy>franciscagoeppinger</createdBy>
<createdTime>2025-08-30 11:30:56 UTC</createdTime>
<ownerDesignName>SUMATIVA1</ownerDesignName>
<shouldEngineer>false</shouldEngineer>
<engineerTo>
<item key="39ED7966-FC7A-3013-FE28-2575E1D628BA" value="false"/>
</engineerTo>
<adequatelyNormalized>NO</adequatelyNormalized>
<expectedVolumes>0</expectedVolumes>
<fwdEngineeringStrategyName>Single Table</fwdEngineeringStrategyName>
<growthPercent>0</growthPercent>
<growthType>Year</growthType>
<hierarchicalParent>3F65FD71-9CD0-30A0-8C18-AC00B7F0E8DC</hierarchicalParent>
<maxVolumes>9999999</maxVolumes>
<minVolumes>0</minVolumes>
<normalForm>Third</normalForm>
<attributes itemClass="oracle.dbtools.crest.model.design.logical.Attribute">
<Attribute name="Especialidad" id="B7DE702D-C2EA-4A80-268B-BFDA75C67349">
<createdBy>franciscagoeppinger</createdBy>
<createdTime>2025-08-30 12:13:38 UTC</createdTime>
<ownerDesignName>SUMATIVA1</ownerDesignName>
<engineerTo>
<item key="39ED7966-FC7A-3013-FE28-2575E1D628BA" value="true"/>
</engineerTo>
<useDomainConstraints>false</useDomainConstraints>
<use>1</use>
<logicalDatatype>LOGDT024</logicalDatatype>
<dataTypeSize>99</dataTypeSize>
<ownDataTypeParameters>99,,</ownDataTypeParameters>
</Attribute>
<Attribute name="Turno" id="AEAAF907-F3BC-C83C-18D6-827173506768">
<createdBy>franciscagoeppinger</createdBy>
<createdTime>2025-08-30 15:15:06 UTC</createdTime>
<ownerDesignName>SUMATIVA1</ownerDesignName>
<engineerTo>
<item key="39ED7966-FC7A-3013-FE28-2575E1D628BA" value="true"/>
</engineerTo>
<nullsAllowed>true</nullsAllowed>
<useDomainConstraints>false</useDomainConstraints>
<use>1</use>
<logicalDatatype>LOGDT024</logicalDatatype>
<dataTypeSize>15</dataTypeSize>
<ownDataTypeParameters>15,,</ownDataTypeParameters>
</Attribute>
<Attribute name="Estado" id="34329DC6-5D79-A43F-BAA7-42448FE824C3">
<createdBy>franciscagoeppinger</createdBy>
<createdTime>2025-08-30 15:17:06 UTC</createdTime>
<ownerDesignName>SUMATIVA1</ownerDesignName>
<engineerTo>
<item key="39ED7966-FC7A-3013-FE28-2575E1D628BA" value="true"/>
</engineerTo>
<nullsAllowed>true</nullsAllowed>
<useDomainConstraints>false</useDomainConstraints>
<use>1</use>
<logicalDatatype>LOGDT024</logicalDatatype>
<dataTypeSize>10</dataTypeSize>
<ownDataTypeParameters>10,,</ownDataTypeParameters>
</Attribute>
</attributes>
</Entity>