<?xml version = '1.0' encoding = 'UTF-8'?>
<Entity class="oracle.dbtools.crest.model.design.logical.Entity" directorySegmentName="seg_0" id="E7A20422-F364-F6AB-F2C1-C4E68042BA35" name="Cuidadores">
<createdBy>franciscagoeppinger</createdBy>
<createdTime>2025-08-30 11:30:20 UTC</createdTime>
<ownerDesignName>SUMATIVA1</ownerDesignName>
<shouldEngineer>false</shouldEngineer>
<engineerTo>
<item key="39ED7966-FC7A-3013-FE28-2575E1D628BA" value="false"/>
</engineerTo>
<adequatelyNormalized>NO</adequatelyNormalized>
<expectedVolumes>0</expectedVolumes>
<fwdEngineeringStrategyName>Single Table</fwdEngineeringStrategyName>
<growthPercent>0</growthPercent>
<growthType>Year</growthType>
<hierarchicalParent>3F65FD71-9CD0-30A0-8C18-AC00B7F0E8DC</hierarchicalParent>
<maxVolumes>9999999</maxVolumes>
<minVolumes>0</minVolumes>
<normalForm>Third</normalForm>
<attributes itemClass="oracle.dbtools.crest.model.design.logical.Attribute">
<Attribute name="Turno" id="E7A5BB58-1A59-32E2-1D5B-9B4EA8D24A41">
<createdBy>franciscagoeppinger</createdBy>
<createdTime>2025-08-30 15:14:48 UTC</createdTime>
<ownerDesignName>SUMATIVA1</ownerDesignName>
<engineerTo>
<item key="39ED7966-FC7A-3013-FE28-2575E1D628BA" value="true"/>
</engineerTo>
<nullsAllowed>true</nullsAllowed>
<useDomainConstraints>false</useDomainConstraints>
<use>1</use>
<logicalDatatype>LOGDT024</logicalDatatype>
<dataTypeSize>15</dataTypeSize>
<ownDataTypeParameters>15,,</ownDataTypeParameters>
</Attribute>
<Attribute name="Estado" id="C4A41FA8-A5BA-21F3-E5E2-5F7598657BED">
<createdBy>franciscagoeppinger</createdBy>
<createdTime>2025-08-30 15:16:51 UTC</createdTime>
<ownerDesignName>SUMATIVA1</ownerDesignName>
<engineerTo>
<item key="39ED7966-FC7A-3013-FE28-2575E1D628BA" value="true"/>
</engineerTo>
<nullsAllowed>true</nullsAllowed>
<useDomainConstraints>false</useDomainConstraints>
<use>1</use>
<logicalDatatype>LOGDT024</logicalDatatype>
<dataTypeSize>10</dataTypeSize>
<ownDataTypeParameters>10,,</ownDataTypeParameters>
</Attribute>
</attributes>
</Entity>