<?xml version = '1.0' encoding = 'UTF-8'?>
<Entity class="oracle.dbtools.crest.model.design.logical.Entity" directorySegmentName="seg_0" id="EAAD3DEC-0E52-6A80-669E-4A52EB772ADD" name="Persona">
<createdBy>franciscagoeppinger</createdBy>
<createdTime>2025-08-30 12:04:52 UTC</createdTime>
<ownerDesignName>SUMATIVA1</ownerDesignName>
<engineerTo>
<item key="39ED7966-FC7A-3013-FE28-2575E1D628BA" value="true"/>
</engineerTo>
<adequatelyNormalized>NO</adequatelyNormalized>
<expectedVolumes>0</expectedVolumes>
<fwdEngineeringStrategyName>Single Table</fwdEngineeringStrategyName>
<growthPercent>0</growthPercent>
<growthType>Year</growthType>
<maxVolumes>9999999</maxVolumes>
<minVolumes>0</minVolumes>
<normalForm>Third</normalForm>
<attributes itemClass="oracle.dbtools.crest.model.design.logical.Attribute">
<Attribute name="ID_Persona" id="04A7AF31-8104-7589-0AC3-329D3562F798">
<createdBy>franciscagoeppinger</createdBy>
<createdTime>2025-08-30 12:07:59 UTC</createdTime>
<ownerDesignName>SUMATIVA1</ownerDesignName>
<engineerTo>
<item key="39ED7966-FC7A-3013-FE28-2575E1D628BA" value="true"/>
</engineerTo>
<useDomainConstraints>false</useDomainConstraints>
<use>1</use>
<logicalDatatype>LOGDT024</logicalDatatype>
<dataTypeSize>10</dataTypeSize>
<ownDataTypeParameters>10,,</ownDataTypeParameters>
</Attribute>
<Attribute name="RUT" id="E30D08F7-8F75-DC39-0B00-A89F8FAAC813">
<createdBy>franciscagoeppinger</createdBy>
<createdTime>2025-08-30 12:08:27 UTC</createdTime>
<ownerDesignName>SUMATIVA1</ownerDesignName>
<engineerTo>
<item key="39ED7966-FC7A-3013-FE28-2575E1D628BA" value="true"/>
</engineerTo>
<useDomainConstraints>false</useDomainConstraints>
<use>1</use>
<logicalDatatype>LOGDT024</logicalDatatype>
<dataTypeSize>12</dataTypeSize>
<ownDataTypeParameters>12,,</ownDataTypeParameters>
</Attribute>
<Attribute name="Nombre_Completo" id="8F0D4089-DB02-9CBD-A76F-2F8E28DDA389">
<createdBy>franciscagoeppinger</createdBy>
<createdTime>2025-08-30 12:08:47 UTC</createdTime>
<ownerDesignName>SUMATIVA1</ownerDesignName>
<engineerTo>
<item key="39ED7966-FC7A-3013-FE28-2575E1D628BA" value="true"/>
</engineerTo>
<useDomainConstraints>false</useDomainConstraints>
<use>1</use>
<logicalDatatype>LOGDT024</logicalDatatype>
<dataTypeSize>99</dataTypeSize>
<ownDataTypeParameters>99,,</ownDataTypeParameters>
</Attribute>
<Attribute name="FechaNacimiento" id="13D3BD65-76A4-ADF7-303F-F474B48E46F4">
<createdBy>franciscagoeppinger</createdBy>
<createdTime>2025-08-30 12:09:05 UTC</createdTime>
<ownerDesignName>SUMATIVA1</ownerDesignName>
<engineerTo>
<item key="39ED7966-FC7A-3013-FE28-2575E1D628BA" value="true"/>
</engineerTo>
<useDomainConstraints>false</useDomainConstraints>
<use>1</use>
<logicalDatatype>LOGDT007</logicalDatatype>
<ownDataTypeParameters>,,</ownDataTypeParameters>
</Attribute>
<Attribute name="IngresoSis" id="7B5EBD78-7010-30DC-DF54-C196BFD7B786">
<createdBy>franciscagoeppinger</createdBy>
<createdTime>2025-08-30 12:09:42 UTC</createdTime>
<ownerDesignName>SUMATIVA1</ownerDesignName>
<engineerTo>
<item key="39ED7966-FC7A-3013-FE28-2575E1D628BA" value="true"/>
</engineerTo>
<useDomainConstraints>false</useDomainConstraints>
<use>1</use>
<logicalDatatype>LOGDT007</logicalDatatype>
<ownDataTypeParameters>,,</ownDataTypeParameters>
</Attribute>
</attributes>
<identifiers itemClass="oracle.dbtools.crest.model.design.logical.CandidateKey">
<identifier id="F05812DC-8FA6-0510-5C33-FA0B1AF18B0D" name="Persona PK">
<createdBy>franciscagoeppinger</createdBy>
<createdTime>2025-08-30 12:08:25 UTC</createdTime>
<ownerDesignName>SUMATIVA1</ownerDesignName>
<engineerTo>
<item key="39ED7966-FC7A-3013-FE28-2575E1D628BA" value="true"/>
</engineerTo>
<pk>true</pk>
<usedAttributes>
<attributeRef>04A7AF31-8104-7589-0AC3-329D3562F798</attributeRef>
</usedAttributes>
</identifier>
</identifiers>
</Entity>