<?xml version = '1.0' encoding = 'UTF-8'?>
<Entity class="oracle.dbtools.crest.model.design.logical.Entity" directorySegmentName="seg_0" id="F7C68197-CB6D-FA10-EB78-B8344CDFAC5D" name="Anexos">
<createdBy>franciscagoeppinger</createdBy>
<createdTime>2025-08-30 11:43:03 UTC</createdTime>
<ownerDesignName>SUMATIVA1</ownerDesignName>
<engineerTo>
<item key="39ED7966-FC7A-3013-FE28-2575E1D628BA" value="true"/>
</engineerTo>
<adequatelyNormalized>NO</adequatelyNormalized>
<expectedVolumes>0</expectedVolumes>
<fwdEngineeringStrategyName>Single Table</fwdEngineeringStrategyName>
<growthPercent>0</growthPercent>
<growthType>Year</growthType>
<hierarchicalParent>7B5C9688-F200-5CD1-0170-75747088B766</hierarchicalParent>
<maxVolumes>9999999</maxVolumes>
<minVolumes>0</minVolumes>
<normalForm>Third</normalForm>
<attributes itemClass="oracle.dbtools.crest.model.design.logical.Attribute">
<Attribute name="FechaInicio" id="D56007A2-A3A6-2F9A-751E-1B0D5D815C60">
<createdBy>franciscagoeppinger</createdBy>
<createdTime>2025-08-30 11:43:46 UTC</createdTime>
<ownerDesignName>SUMATIVA1</ownerDesignName>
<engineerTo>
<item key="39ED7966-FC7A-3013-FE28-2575E1D628BA" value="true"/>
</engineerTo>
<useDomainConstraints>false</useDomainConstraints>
<use>1</use>
<logicalDatatype>LOGDT007</logicalDatatype>
<ownDataTypeParameters>,,</ownDataTypeParameters>
</Attribute>
<Attribute name="FechaTermino" id="7BE0725B-0DE5-66FB-E1C7-CD69BF44DCFF">
<createdBy>franciscagoeppinger</createdBy>
<createdTime>2025-08-30 11:44:11 UTC</createdTime>
<ownerDesignName>SUMATIVA1</ownerDesignName>
<engineerTo>
<item key="39ED7966-FC7A-3013-FE28-2575E1D628BA" value="true"/>
</engineerTo>
<nullsAllowed>true</nullsAllowed>
<useDomainConstraints>false</useDomainConstraints>
<use>1</use>
<logicalDatatype>LOGDT007</logicalDatatype>
<ownDataTypeParameters>,,</ownDataTypeParameters>
</Attribute>
<Attribute name="Obs" id="4A02C247-0E7B-50B2-E7D6-6F3335C28CA0">
<createdBy>franciscagoeppinger</createdBy>
<createdTime>2025-08-30 11:44:19 UTC</createdTime>
<ownerDesignName>SUMATIVA1</ownerDesignName>
<engineerTo>
<item key="39ED7966-FC7A-3013-FE28-2575E1D628BA" value="true"/>
</engineerTo>
<nullsAllowed>true</nullsAllowed>
<useDomainConstraints>false</useDomainConstraints>
<use>1</use>
<logicalDatatype>LOGDT024</logicalDatatype>
<dataTypeSize>99</dataTypeSize>
<ownDataTypeParameters>99,,</ownDataTypeParameters>
</Attribute>
</attributes>
</Entity>